﻿{"cameraMode":{"drawMode":0,"name":"Shaded","section":"Shading Mode"},"sceneLighting":true,"audioPlay":false,"sceneViewState":{"showFog":true,"showMaterialUpdate":false,"showSkybox":true,"showFlares":true,"showImageEffects":true,"showParticleSystems":true},"in2DMode":false,"pivot":{"x":-0.19972240924835206,"y":-0.7878866195678711,"z":-0.4110666513442993},"rotation":{"x":-0.07374215871095658,"y":0.926008939743042,"z":-0.2503087520599365,"w":-0.2728068232536316},"size":2.647840738296509,"orthographic":false}